Company Names,Domain
Matrix Property Group,matrixproperty.com
South Texas College,southtexascollege.edu
homeoffice,homeoffice.com.co
Merritt College,merritt.edu
GESN,gesn.fr
Queen's University,queensu.ca
Mfr,mfrcorp.com
Staples Canada,staples.ca
Midlands Technical College,midlandstech.edu
5 Guys,5guyscompany.com
ホットNAあの話題,nsl-enter.com
Góc IT,gocit.vn
AT&T,att.com
WWP,wwpbeauty.com
United,united-tec.net
Diebold,diebold.com
stc السعودية,stc.com.sa
Interwise,interwise.com.tw
1970年創業の名店リンデンバウムでは、手作りのバウムクーヘンが味わえます。東急東横線日吉周辺で美味しいバウムクーヘンを焼いています。,linden-baum.com
Starbucks,starbucks.com
Personal,sergiozamorasola.com
Private,private.com
Vaibhav Global,vaibhavglobal.com
MedData,meddata.com
Medical Billing and Coding,jfkih.com
NEC Australia,nec.com.au
Ping Identity,pingidentity.com
Student,student.org.il
Landi,landi.ch
Crush IT,crushiot.com
Computer Network Systems,compnetsys.com
ホットNAあの話題,nsl-enter.com
Cogent,becogent.co
Brennan IT,brennanit.com.au
UNAM,unam.mx
blank,blankcorp.kr
minz,wd-minz.com
Michael Andrews Audio Visual Services,maavs.com
Noë & Company,shopnoeandco.com
WER,werprinters.com
School,looktone.jp
Toyota,toyota.co.uk
Oracle,oracle.com
None,automobilepecas.com.br
St Philip's College,stphilips.nt.edu.au
Asana,asana.com
Foodstuff,foodstuff.no
知乎,zhihu.com
JV,jackieventura.com
＠IT,atmarkit.co.jp
Liberty,liberty.com.au
Home,s.to
Centennial College,centennialcollege.ca
The Globe and Mail,theglobeandmail.com
ホットNAあの話題,nsl-enter.com
Karunya,karunyakeshav.com
ActioNet,actionet.com
ホットNAあの話題,nsl-enter.com
UONA,uona.ru
LPL Financial,lpl.com
SumTotal Systems,sumtotalsystems.com
HCT,hct.vn
123 Exteriors,123exteriors.com
Herman Miller,hermanmiller.com
SELF,self.com
料理教室ABCクッキングスタジオ,abc-cooking.co.jp
Amazon,amazon.com
Student,student.org.il
ACLD,acld.org
AMAC Enterprises,amacenterprises.com
BermudaPoliceService,police.bm
Kabarak University,kabarak.ac.ke
知乎,zhihu.com
Zayed University,zu.ac.ae
IM,imoveisbrambilla.com.br
Contractor+,contractorplus.app
Clearbit,clearbit.com
ADM,adm.com
NAECS,naecs.com
Apex Systems,apexsystems.com
"Management Consultant,",managementconsultantinc.com
MJGC,mjgc.nl
Milner & Associates,milnerassociates.ca
Verizon,verizon.com
tbd*,tbd.community
Veris Group,verisgroup.com
מטבחי חמד 1976 - מטבחים מעוצבים,hemed76.com
知乎,zhihu.com
תבליני פרץ - מאז 1962,pereztavlinim.co.il
Honda,honda.com
None,automobilepecas.com.br
STS,sts.pl
Butte College,butte.edu
PDK,pdk.co.uk
レンティオ宣伝部 -家電・カメラのお試しサービス / 試してそのまま購入もOK-,rentio.jp
Amazon,amazon.com
Applesauce,applesauce.pl
Government,allresultshub.in
Google,google.com
Digital Fingers,digitalfingers.in
LG전자,lge.co.kr
Pulse Medic,pulsemedicservices.co.uk
Durham College,durhamcollege.ca
YouTube,youtube.com
時計専門店GMT,gmt-j.com
Освіта.ua,osvita.ua
Herjavec Group,herjavecgroup.com
Apple,apple.com
HP,hp.com
